record_id,tmax_c,normal_tmax_c,rh_pct,wind_ms,solar_mj_m2,precip_mm,temp_deviation_c,month
29,30.9,30.92,45.7,1.67,19.34,0.0,-0.02,2
96,31.4,32.31,54.2,2.28,26.03,0.4,-0.91,3
98,36.1,35.82,49.4,2.58,26.35,0.0,0.28,4
232,30.2,30.0,87.6,4.88,20.0,37.4,0.2,7
255,41.7,34.91,30.2,1.84,21.95,0.0,6.79,3
371,38.2,33.01,32.6,2.05,25.69,0.0,5.19,3
381,34.9,31.39,47.4,2.06,22.04,0.0,3.51,2
395,40.1,35.58,49.3,2.08,27.07,0.0,4.52,5
473,37.1,30.97,67.1,1.82,30.74,0.0,6.13,9
521,32.5,30.22,53.3,2.0,14.59,0.0,2.28,12
564,37.5,33.58,12.6,1.7,20.95,0.0,3.92,3
595,30.2,31.34,42.1,1.62,23.57,0.0,-1.14,2
640,31.3,29.41,80.6,3.45,16.77,0.0,1.89,8
662,29.7,32.29,72.8,3.03,21.46,0.0,-2.59,10
678,36.9,30.92,16.4,1.89,22.4,0.0,5.98,2
728,28.8,30.73,85.1,3.96,17.18,0.2,-1.93,9
736,31.9,32.09,61.0,1.91,16.41,0.0,-0.19,11
899,41.7,36.03,31.9,3.22,24.0,0.0,5.67,5
960,30.5,30.51,63.1,2.17,18.01,0.0,-0.01,1
995,40.6,34.52,38.3,1.93,27.97,0.0,6.08,4
1010,36.0,32.09,61.4,1.64,21.37,0.0,3.91,11
1014,31.3,28.78,67.2,2.07,25.75,0.0,2.52,9
1076,36.3,34.56,86.2,3.42,22.8,6.9,1.74,6
1088,39.1,36.08,52.6,1.77,23.88,0.0,3.02,5
1092,37.0,30.71,71.3,1.21,18.65,0.0,6.29,12
1116,36.7,29.59,66.6,3.09,15.73,0.0,7.11,7
1143,32.9,31.23,,1.1,18.11,0.0,1.67,12
1219,36.3,36.27,62.5,2.36,22.95,0.0,0.03,5
1258,37.0,36.24,63.8,3.03,25.12,0.0,0.76,5
1319,32.0,29.79,79.0,1.67,18.45,9.6,2.21,9
1342,29.9,32.55,31.9,1.6,20.2,0.0,-2.65,2
1345,31.1,30.17,82.9,3.11,10.43,0.0,0.93,7
1370,29.6,29.75,83.6,0.65,18.87,0.0,-0.15,9
1389,30.9,32.01,74.5,2.57,19.39,0.0,-1.11,11
1442,40.2,34.56,75.9,2.59,20.52,0.0,5.64,6
1530,43.7,35.09,28.0,2.37,26.67,0.0,8.61,5
1598,40.3,36.13,49.9,2.4,25.19,,4.17,5
1662,39.5,33.4,64.7,1.42,23.34,0.0,6.1,10
1702,37.1,30.04,29.1,1.25,21.1,0.0,7.06,1
1825,30.6,28.97,84.9,1.76,19.73,0.0,1.63,9
1886,33.0,34.67,43.4,1.84,22.88,0.0,-1.67,3
1906,29.5,30.2,60.7,2.3,19.68,,-0.7,1
2049,30.7,30.48,57.3,1.65,22.08,0.0,0.22,2
2104,30.4,28.97,85.3,2.68,17.8,15.1,1.43,9
2183,39.5,33.35,70.4,1.3,18.46,0.0,6.15,10
2196,29.1,31.16,92.5,2.44,21.17,0.0,-2.06,9
2222,37.2,31.86,36.8,2.22,26.2,0.0,5.34,2
2251,35.9,35.27,35.3,1.94,21.06,0.0,0.63,3
2388,28.6,30.84,63.6,1.78,16.64,0.0,-2.24,12
2479,32.9,33.07,83.8,1.31,18.74,0.1,-0.17,10
2480,37.8,33.4,58.2,0.93,17.91,0.0,4.4,10
2485,29.9,28.62,87.9,2.58,19.75,28.7,1.28,8
2528,35.0,32.09,67.3,0.97,22.19,0.0,2.91,10
2543,37.3,31.9,57.0,3.25,21.69,0.0,5.4,10
2552,33.8,33.02,79.5,3.45,24.44,19.4,0.78,6
2600,31.5,30.75,71.1,3.02,9.21,17.1,0.75,6
2606,37.0,31.79,17.8,2.25,18.35,0.0,5.21,12
2638,36.6,31.21,25.7,2.0,23.04,0.0,5.39,2
2656,30.4,29.99,57.4,2.06,15.03,0.0,0.41,1
2852,40.2,34.7,35.5,1.82,25.45,0.0,5.5,4
2874,30.4,32.76,45.2,1.98,22.51,0.0,-2.36,3
2918,27.8,29.0,88.8,1.46,12.82,0.0,-1.2,8
2969,29.4,28.73,92.9,1.88,16.68,5.6,0.67,9
3016,29.1,29.72,86.2,2.2,8.22,12.0,-0.62,7
3033,37.6,30.63,53.1,1.14,23.85,0.0,6.97,12
3106,38.5,34.6,32.5,1.93,29.44,0.0,3.9,4
3224,33.9,35.06,48.3,2.43,22.98,0.0,-1.16,3
3244,35.5,34.48,51.1,1.71,23.89,0.0,1.02,3
3326,28.9,29.99,66.8,1.89,17.7,0.0,-1.09,1
3441,39.9,34.01,37.9,1.75,28.4,0.0,5.89,4
3498,41.3,35.9,36.9,1.85,24.24,0.0,5.4,4
3505,36.5,29.85,15.6,1.39,20.58,0.0,6.65,1
3538,27.8,29.13,88.6,4.33,2.95,10.9,-1.33,7
3623,33.6,30.47,58.9,1.91,18.48,0.0,3.13,12
3628,31.8,32.45,55.0,2.2,21.65,0.0,-0.65,2
3708,27.8,30.72,66.9,1.87,21.23,0.0,-2.92,2
3788,38.0,32.65,66.7,0.94,23.56,0.0,5.35,10
3851,33.1,31.42,30.0,1.75,24.46,0.0,1.68,2
3925,39.9,33.04,61.9,1.42,22.64,0.0,6.86,11
3926,35.9,36.19,61.2,2.58,25.14,0.0,-0.29,5
4045,39.4,30.48,44.6,4.18,17.58,,8.92,6
4104,31.2,30.18,54.2,2.06,18.68,0.0,1.02,1
4109,42.4,35.31,,2.63,27.53,0.0,7.09,5
4152,28.6,31.18,93.1,2.99,21.13,7.1,-2.58,6
4213,32.2,31.26,51.3,1.75,21.2,0.0,0.94,2
4236,36.6,31.6,33.1,1.58,24.12,0.0,5.0,2
4251,30.4,30.56,95.8,2.86,20.19,34.9,-0.16,9
4332,33.3,32.82,60.6,2.53,25.89,3.3,0.48,3
4345,28.9,30.33,69.2,,17.64,0.0,-1.43,1
4393,31.4,33.19,73.4,1.89,10.61,13.8,-1.79,6
4466,36.1,36.28,54.1,1.62,26.95,0.0,-0.18,5
4470,40.3,33.38,20.1,1.27,26.62,0.0,6.92,3
4559,35.5,36.13,58.3,1.83,28.61,0.0,-0.63,5
4583,36.5,30.74,72.4,2.65,28.62,19.6,5.76,6
4709,30.0,30.37,90.4,3.75,9.3,27.4,-0.37,7
4797,34.3,33.02,65.2,2.34,19.11,0.0,1.28,11
4883,28.7,30.44,55.2,1.39,19.38,0.0,-1.74,2
4921,36.9,32.22,48.8,1.53,19.66,0.0,4.68,11
4928,38.3,33.4,62.6,0.7,17.25,0.0,4.9,10
4974,42.3,36.19,46.3,2.58,32.0,0.0,6.11,5
