region_id,day_of_year,normal_tmax_c
andheri,1,30.34
andheri,2,30.29
andheri,3,30.24
andheri,4,30.2
andheri,5,30.17
andheri,6,30.14
andheri,7,30.12
andheri,8,30.09
andheri,9,30.06
andheri,10,30.04
andheri,11,30.04
andheri,12,30.04
andheri,13,30.04
andheri,14,30.04
andheri,15,30.05
andheri,16,30.07
andheri,17,30.12
andheri,18,30.14
andheri,19,30.18
andheri,20,30.22
andheri,21,30.25
andheri,22,30.27
andheri,23,30.29
andheri,24,30.31
andheri,25,30.33
andheri,26,30.36
andheri,27,30.41
andheri,28,30.46
andheri,29,30.51
andheri,30,30.57
andheri,31,30.62
andheri,32,30.67
andheri,33,30.72
andheri,34,30.79
andheri,35,30.86
andheri,36,30.92
andheri,37,30.99
andheri,38,31.07
andheri,39,31.16
andheri,40,31.26
andheri,41,31.35
andheri,42,31.42
andheri,43,31.51
andheri,44,31.6
andheri,45,31.69
andheri,46,31.77
andheri,47,31.85
andheri,48,31.94
andheri,49,32.03
andheri,50,32.12
andheri,51,32.2
andheri,52,32.27
andheri,53,32.36
andheri,54,32.45
andheri,55,32.55
andheri,56,32.64
andheri,57,32.73
andheri,58,32.81
andheri,59,32.9
andheri,60,32.99
andheri,61,33.08
andheri,62,33.17
andheri,63,33.28
andheri,64,33.38
andheri,65,33.49
andheri,66,33.58
andheri,67,33.66
andheri,68,33.74
andheri,69,33.82
andheri,70,33.91
andheri,71,33.99
andheri,72,34.07
andheri,73,34.16
andheri,74,34.25
andheri,75,34.33
andheri,76,34.41
andheri,77,34.48
andheri,78,34.55
andheri,79,34.61
andheri,80,34.67
andheri,81,34.75
andheri,82,34.83
andheri,83,34.91
andheri,84,34.98
andheri,85,35.06
andheri,86,35.13
andheri,87,35.2
andheri,88,35.27
andheri,89,35.33
andheri,90,35.4
andheri,91,35.44
andheri,92,35.47
andheri,93,35.51
andheri,94,35.54
andheri,95,35.57
andheri,96,35.59
andheri,97,35.63
andheri,98,35.68
andheri,99,35.72
andheri,100,35.76
andheri,101,35.79
andheri,102,35.82
andheri,103,35.85
andheri,104,35.88
andheri,105,35.9
andheri,106,35.93
andheri,107,35.96
andheri,108,36.0
andheri,109,36.04
andheri,110,36.08
andheri,111,36.11
andheri,112,36.12
andheri,113,36.14
andheri,114,36.17
andheri,115,36.18
andheri,116,36.2
andheri,117,36.21
andheri,118,36.22
andheri,119,36.23
andheri,120,36.24
andheri,121,36.24
andheri,122,36.24
andheri,123,36.27
andheri,124,36.28
andheri,125,36.28
andheri,126,36.29
andheri,127,36.29
andheri,128,36.28
andheri,129,36.28
andheri,130,36.28
andheri,131,36.26
andheri,132,36.25
andheri,133,36.24
andheri,134,36.22
andheri,135,36.19
andheri,136,36.16
andheri,137,36.15
andheri,138,36.13
andheri,139,36.08
andheri,140,36.03
andheri,141,35.98
andheri,142,35.92
andheri,143,35.87
andheri,144,35.81
andheri,145,35.74
andheri,146,35.67
andheri,147,35.58
andheri,148,35.5
andheri,149,35.41
andheri,150,35.31
andheri,151,35.2
andheri,152,35.09
andheri,153,34.97
andheri,154,34.83
andheri,155,34.7
andheri,156,34.56
andheri,157,34.42
andheri,158,34.28
andheri,159,34.14
andheri,160,33.99
andheri,161,33.82
andheri,162,33.66
andheri,163,33.5
andheri,164,33.35
andheri,165,33.19
andheri,166,33.02
andheri,167,32.86
andheri,168,32.68
andheri,169,32.51
andheri,170,32.34
andheri,171,32.2
andheri,172,32.04
andheri,173,31.89
andheri,174,31.75
andheri,175,31.6
andheri,176,31.45
andheri,177,31.31
andheri,178,31.18
andheri,179,31.05
andheri,180,30.93
andheri,181,30.83
andheri,182,30.74
andheri,183,30.63
andheri,184,30.54
andheri,185,30.45
andheri,186,30.37
andheri,187,30.3
andheri,188,30.24
andheri,189,30.17
andheri,190,30.1
andheri,191,30.04
andheri,192,30.0
andheri,193,29.94
andheri,194,29.87
andheri,195,29.79
andheri,196,29.72
andheri,197,29.65
andheri,198,29.59
andheri,199,29.54
andheri,200,29.49
andheri,201,29.45
andheri,202,29.4
andheri,203,29.35
andheri,204,29.3
andheri,205,29.25
andheri,206,29.21
andheri,207,29.18
andheri,208,29.15
andheri,209,29.13
andheri,210,29.09
andheri,211,29.07
andheri,212,29.04
andheri,213,29.02
andheri,214,29.01
andheri,215,29.0
andheri,216,29.0
andheri,217,29.01
andheri,218,29.01
andheri,219,29.0
andheri,220,29.0
andheri,221,29.01
andheri,222,29.03
andheri,223,29.02
andheri,224,29.04
andheri,225,29.05
andheri,226,29.06
andheri,227,29.07
andheri,228,29.09
andheri,229,29.12
andheri,230,29.13
andheri,231,29.15
andheri,232,29.18
andheri,233,29.21
andheri,234,29.25
andheri,235,29.29
andheri,236,29.32
andheri,237,29.36
andheri,238,29.41
andheri,239,29.46
andheri,240,29.51
andheri,241,29.56
andheri,242,29.61
andheri,243,29.66
andheri,244,29.71
andheri,245,29.75
andheri,246,29.79
andheri,247,29.82
andheri,248,29.84
andheri,249,29.87
andheri,250,29.92
andheri,251,29.96
andheri,252,30.0
andheri,253,30.03
andheri,254,30.08
andheri,255,30.13
andheri,256,30.2
andheri,257,30.28
andheri,258,30.37
andheri,259,30.46
andheri,260,30.55
andheri,261,30.64
andheri,262,30.73
andheri,263,30.81
andheri,264,30.89
andheri,265,30.97
andheri,266,31.07
andheri,267,31.16
andheri,268,31.26
andheri,269,31.36
andheri,270,31.44
andheri,271,31.53
andheri,272,31.62
andheri,273,31.72
andheri,274,31.81
andheri,275,31.9
andheri,276,31.99
andheri,277,32.09
andheri,278,32.19
andheri,279,32.29
andheri,280,32.38
andheri,281,32.48
andheri,282,32.56
andheri,283,32.65
andheri,284,32.72
andheri,285,32.8
andheri,286,32.87
andheri,287,32.94
andheri,288,33.01
andheri,289,33.07
andheri,290,33.11
andheri,291,33.15
andheri,292,33.19
andheri,293,33.23
andheri,294,33.28
andheri,295,33.32
andheri,296,33.35
andheri,297,33.38
andheri,298,33.39
andheri,299,33.4
andheri,300,33.4
andheri,301,33.4
andheri,302,33.39
andheri,303,33.38
andheri,304,33.35
andheri,305,33.32
andheri,306,33.29
andheri,307,33.26
andheri,308,33.22
andheri,309,33.19
andheri,310,33.16
andheri,311,33.14
andheri,312,33.11
andheri,313,33.07
andheri,314,33.04
andheri,315,33.02
andheri,316,32.99
andheri,317,32.95
andheri,318,32.9
andheri,319,32.85
andheri,320,32.8
andheri,321,32.74
andheri,322,32.69
andheri,323,32.64
andheri,324,32.6
andheri,325,32.55
andheri,326,32.49
andheri,327,32.44
andheri,328,32.38
andheri,329,32.33
andheri,330,32.28
andheri,331,32.21
andheri,332,32.15
andheri,333,32.09
andheri,334,32.03
andheri,335,31.99
andheri,336,31.94
andheri,337,31.91
andheri,338,31.87
andheri,339,31.83
andheri,340,31.79
andheri,341,31.74
andheri,342,31.69
andheri,343,31.63
andheri,344,31.58
andheri,345,31.53
andheri,346,31.46
andheri,347,31.4
andheri,348,31.34
andheri,349,31.29
andheri,350,31.23
andheri,351,31.17
andheri,352,31.09
andheri,353,31.03
andheri,354,30.94
andheri,355,30.87
andheri,356,30.81
andheri,357,30.75
andheri,358,30.69
andheri,359,30.63
andheri,360,30.58
andheri,361,30.53
andheri,362,30.49
andheri,363,30.46
andheri,364,30.43
andheri,365,30.4
andheri,366,30.37
colaba,1,30.1
colaba,2,30.06
colaba,3,30.02
colaba,4,29.99
colaba,5,29.96
colaba,6,29.93
colaba,7,29.9
colaba,8,29.87
colaba,9,29.85
colaba,10,29.83
colaba,11,29.84
colaba,12,29.84
colaba,13,29.85
colaba,14,29.85
colaba,15,29.86
colaba,16,29.88
colaba,17,29.92
colaba,18,29.95
colaba,19,29.99
colaba,20,30.02
colaba,21,30.05
colaba,22,30.07
colaba,23,30.08
colaba,24,30.09
colaba,25,30.1
colaba,26,30.12
colaba,27,30.14
colaba,28,30.17
colaba,29,30.2
colaba,30,30.25
colaba,31,30.28
colaba,32,30.31
colaba,33,30.35
colaba,34,30.39
colaba,35,30.44
colaba,36,30.48
colaba,37,30.53
colaba,38,30.58
colaba,39,30.65
colaba,40,30.73
colaba,41,30.8
colaba,42,30.86
colaba,43,30.92
colaba,44,30.98
colaba,45,31.04
colaba,46,31.08
colaba,47,31.14
colaba,48,31.21
colaba,49,31.28
colaba,50,31.34
colaba,51,31.39
colaba,52,31.44
colaba,53,31.5
colaba,54,31.57
colaba,55,31.64
colaba,56,31.72
colaba,57,31.79
colaba,58,31.86
colaba,59,31.93
colaba,60,32.0
colaba,61,32.06
colaba,62,32.13
colaba,63,32.22
colaba,64,32.31
colaba,65,32.4
colaba,66,32.48
colaba,67,32.55
colaba,68,32.62
colaba,69,32.69
colaba,70,32.76
colaba,71,32.82
colaba,72,32.88
colaba,73,32.95
colaba,74,33.01
colaba,75,33.08
colaba,76,33.14
colaba,77,33.21
colaba,78,33.26
colaba,79,33.3
colaba,80,33.35
colaba,81,33.41
colaba,82,33.47
colaba,83,33.54
colaba,84,33.61
colaba,85,33.66
colaba,86,33.72
colaba,87,33.78
colaba,88,33.84
colaba,89,33.89
colaba,90,33.93
colaba,91,33.98
colaba,92,34.01
colaba,93,34.04
colaba,94,34.07
colaba,95,34.11
colaba,96,34.12
colaba,97,34.15
colaba,98,34.18
colaba,99,34.22
colaba,100,34.25
colaba,101,34.28
colaba,102,34.31
colaba,103,34.35
colaba,104,34.38
colaba,105,34.41
colaba,106,34.43
colaba,107,34.45
colaba,108,34.49
colaba,109,34.52
colaba,110,34.55
colaba,111,34.58
colaba,112,34.6
colaba,113,34.62
colaba,114,34.64
colaba,115,34.66
colaba,116,34.67
colaba,117,34.68
colaba,118,34.68
colaba,119,34.69
colaba,120,34.69
colaba,121,34.7
colaba,122,34.7
colaba,123,34.72
colaba,124,34.73
colaba,125,34.72
colaba,126,34.72
colaba,127,34.73
colaba,128,34.72
colaba,129,34.72
colaba,130,34.72
colaba,131,34.7
colaba,132,34.69
colaba,133,34.67
colaba,134,34.65
colaba,135,34.61
colaba,136,34.58
colaba,137,34.56
colaba,138,34.53
colaba,139,34.48
colaba,140,34.42
colaba,141,34.37
colaba,142,34.31
colaba,143,34.25
colaba,144,34.19
colaba,145,34.12
colaba,146,34.04
colaba,147,33.95
colaba,148,33.87
colaba,149,33.77
colaba,150,33.66
colaba,151,33.55
colaba,152,33.43
colaba,153,33.31
colaba,154,33.16
colaba,155,33.02
colaba,156,32.88
colaba,157,32.74
colaba,158,32.6
colaba,159,32.46
colaba,160,32.31
colaba,161,32.14
colaba,162,31.99
colaba,163,31.83
colaba,164,31.69
colaba,165,31.53
colaba,166,31.38
colaba,167,31.23
colaba,168,31.06
colaba,169,30.91
colaba,170,30.75
colaba,171,30.62
colaba,172,30.48
colaba,173,30.34
colaba,174,30.21
colaba,175,30.08
colaba,176,29.95
colaba,177,29.82
colaba,178,29.71
colaba,179,29.61
colaba,180,29.52
colaba,181,29.43
colaba,182,29.36
colaba,183,29.28
colaba,184,29.21
colaba,185,29.15
colaba,186,29.09
colaba,187,29.04
colaba,188,28.99
colaba,189,28.94
colaba,190,28.88
colaba,191,28.83
colaba,192,28.8
colaba,193,28.76
colaba,194,28.71
colaba,195,28.64
colaba,196,28.58
colaba,197,28.53
colaba,198,28.48
colaba,199,28.44
colaba,200,28.41
colaba,201,28.38
colaba,202,28.34
colaba,203,28.31
colaba,204,28.27
colaba,205,28.23
colaba,206,28.2
colaba,207,28.17
colaba,208,28.15
colaba,209,28.14
colaba,210,28.11
colaba,211,28.09
colaba,212,28.08
colaba,213,28.06
colaba,214,28.05
colaba,215,28.04
colaba,216,28.04
colaba,217,28.05
colaba,218,28.06
colaba,219,28.05
colaba,220,28.05
colaba,221,28.06
colaba,222,28.08
colaba,223,28.08
colaba,224,28.09
colaba,225,28.1
colaba,226,28.1
colaba,227,28.11
colaba,228,28.14
colaba,229,28.16
colaba,230,28.18
colaba,231,28.19
colaba,232,28.21
colaba,233,28.24
colaba,234,28.28
colaba,235,28.32
colaba,236,28.35
colaba,237,28.38
colaba,238,28.42
colaba,239,28.46
colaba,240,28.5
colaba,241,28.54
colaba,242,28.58
colaba,243,28.62
colaba,244,28.66
colaba,245,28.7
colaba,246,28.73
colaba,247,28.74
colaba,248,28.75
colaba,249,28.78
colaba,250,28.82
colaba,251,28.85
colaba,252,28.88
colaba,253,28.92
colaba,254,28.97
colaba,255,29.02
colaba,256,29.09
colaba,257,29.16
colaba,258,29.24
colaba,259,29.33
colaba,260,29.41
colaba,261,29.49
colaba,262,29.57
colaba,263,29.64
colaba,264,29.71
colaba,265,29.79
colaba,266,29.87
colaba,267,29.96
colaba,268,30.05
colaba,269,30.14
colaba,270,30.22
colaba,271,30.3
colaba,272,30.39
colaba,273,30.48
colaba,274,30.56
colaba,275,30.66
colaba,276,30.75
colaba,277,30.85
colaba,278,30.96
colaba,279,31.06
colaba,280,31.16
colaba,281,31.26
colaba,282,31.35
colaba,283,31.45
colaba,284,31.53
colaba,285,31.6
colaba,286,31.68
colaba,287,31.76
colaba,288,31.85
colaba,289,31.91
colaba,290,31.97
colaba,291,32.02
colaba,292,32.08
colaba,293,32.15
colaba,294,32.21
colaba,295,32.27
colaba,296,32.32
colaba,297,32.37
colaba,298,32.4
colaba,299,32.43
colaba,300,32.44
colaba,301,32.47
colaba,302,32.48
colaba,303,32.49
colaba,304,32.48
colaba,305,32.49
colaba,306,32.49
colaba,307,32.49
colaba,308,32.48
colaba,309,32.47
colaba,310,32.47
colaba,311,32.47
colaba,312,32.45
colaba,313,32.44
colaba,314,32.42
colaba,315,32.41
colaba,316,32.4
colaba,317,32.38
colaba,318,32.34
colaba,319,32.3
colaba,320,32.26
colaba,321,32.22
colaba,322,32.17
colaba,323,32.14
colaba,324,32.1
colaba,325,32.06
colaba,326,32.01
colaba,327,31.97
colaba,328,31.92
colaba,329,31.88
colaba,330,31.84
colaba,331,31.79
colaba,332,31.75
colaba,333,31.7
colaba,334,31.65
colaba,335,31.61
colaba,336,31.57
colaba,337,31.54
colaba,338,31.5
colaba,339,31.45
colaba,340,31.41
colaba,341,31.37
colaba,342,31.32
colaba,343,31.27
colaba,344,31.21
colaba,345,31.17
colaba,346,31.11
colaba,347,31.05
colaba,348,30.99
colaba,349,30.94
colaba,350,30.89
colaba,351,30.84
colaba,352,30.77
colaba,353,30.71
colaba,354,30.64
colaba,355,30.57
colaba,356,30.52
colaba,357,30.47
colaba,358,30.43
colaba,359,30.37
colaba,360,30.32
colaba,361,30.28
colaba,362,30.25
colaba,363,30.22
colaba,364,30.19
colaba,365,30.16
colaba,366,30.14
dharavi,1,30.34
dharavi,2,30.29
dharavi,3,30.24
dharavi,4,30.2
dharavi,5,30.17
dharavi,6,30.14
dharavi,7,30.12
dharavi,8,30.09
dharavi,9,30.06
dharavi,10,30.04
dharavi,11,30.04
dharavi,12,30.04
dharavi,13,30.04
dharavi,14,30.04
dharavi,15,30.05
dharavi,16,30.07
dharavi,17,30.12
dharavi,18,30.14
dharavi,19,30.18
dharavi,20,30.22
dharavi,21,30.25
dharavi,22,30.27
dharavi,23,30.29
dharavi,24,30.31
dharavi,25,30.33
dharavi,26,30.36
dharavi,27,30.41
dharavi,28,30.46
dharavi,29,30.51
dharavi,30,30.57
dharavi,31,30.62
dharavi,32,30.67
dharavi,33,30.72
dharavi,34,30.79
dharavi,35,30.86
dharavi,36,30.92
dharavi,37,30.99
dharavi,38,31.07
dharavi,39,31.16
dharavi,40,31.26
dharavi,41,31.35
dharavi,42,31.42
dharavi,43,31.51
dharavi,44,31.6
dharavi,45,31.69
dharavi,46,31.77
dharavi,47,31.85
dharavi,48,31.94
dharavi,49,32.03
dharavi,50,32.12
dharavi,51,32.2
dharavi,52,32.27
dharavi,53,32.36
dharavi,54,32.45
dharavi,55,32.55
dharavi,56,32.64
dharavi,57,32.73
dharavi,58,32.81
dharavi,59,32.9
dharavi,60,32.99
dharavi,61,33.08
dharavi,62,33.17
dharavi,63,33.28
dharavi,64,33.38
dharavi,65,33.49
dharavi,66,33.58
dharavi,67,33.66
dharavi,68,33.74
dharavi,69,33.82
dharavi,70,33.91
dharavi,71,33.99
dharavi,72,34.07
dharavi,73,34.16
dharavi,74,34.25
dharavi,75,34.33
dharavi,76,34.41
dharavi,77,34.48
dharavi,78,34.55
dharavi,79,34.61
dharavi,80,34.67
dharavi,81,34.75
dharavi,82,34.83
dharavi,83,34.91
dharavi,84,34.98
dharavi,85,35.06
dharavi,86,35.13
dharavi,87,35.2
dharavi,88,35.27
dharavi,89,35.33
dharavi,90,35.4
dharavi,91,35.44
dharavi,92,35.47
dharavi,93,35.51
dharavi,94,35.54
dharavi,95,35.57
dharavi,96,35.59
dharavi,97,35.63
dharavi,98,35.68
dharavi,99,35.72
dharavi,100,35.76
dharavi,101,35.79
dharavi,102,35.82
dharavi,103,35.85
dharavi,104,35.88
dharavi,105,35.9
dharavi,106,35.93
dharavi,107,35.96
dharavi,108,36.0
dharavi,109,36.04
dharavi,110,36.08
dharavi,111,36.11
dharavi,112,36.12
dharavi,113,36.14
dharavi,114,36.17
dharavi,115,36.18
dharavi,116,36.2
dharavi,117,36.21
dharavi,118,36.22
dharavi,119,36.23
dharavi,120,36.24
dharavi,121,36.24
dharavi,122,36.24
dharavi,123,36.27
dharavi,124,36.28
dharavi,125,36.28
dharavi,126,36.29
dharavi,127,36.29
dharavi,128,36.28
dharavi,129,36.28
dharavi,130,36.28
dharavi,131,36.26
dharavi,132,36.25
dharavi,133,36.24
dharavi,134,36.22
dharavi,135,36.19
dharavi,136,36.16
dharavi,137,36.15
dharavi,138,36.13
dharavi,139,36.08
dharavi,140,36.03
dharavi,141,35.98
dharavi,142,35.92
dharavi,143,35.87
dharavi,144,35.81
dharavi,145,35.74
dharavi,146,35.67
dharavi,147,35.58
dharavi,148,35.5
dharavi,149,35.41
dharavi,150,35.31
dharavi,151,35.2
dharavi,152,35.09
dharavi,153,34.97
dharavi,154,34.83
dharavi,155,34.7
dharavi,156,34.56
dharavi,157,34.42
dharavi,158,34.28
dharavi,159,34.14
dharavi,160,33.99
dharavi,161,33.82
dharavi,162,33.66
dharavi,163,33.5
dharavi,164,33.35
dharavi,165,33.19
dharavi,166,33.02
dharavi,167,32.86
dharavi,168,32.68
dharavi,169,32.51
dharavi,170,32.34
dharavi,171,32.2
dharavi,172,32.04
dharavi,173,31.89
dharavi,174,31.75
dharavi,175,31.6
dharavi,176,31.45
dharavi,177,31.31
dharavi,178,31.18
dharavi,179,31.05
dharavi,180,30.93
dharavi,181,30.83
dharavi,182,30.74
dharavi,183,30.63
dharavi,184,30.54
dharavi,185,30.45
dharavi,186,30.37
dharavi,187,30.3
dharavi,188,30.24
dharavi,189,30.17
dharavi,190,30.1
dharavi,191,30.04
dharavi,192,30.0
dharavi,193,29.94
dharavi,194,29.87
dharavi,195,29.79
dharavi,196,29.72
dharavi,197,29.65
dharavi,198,29.59
dharavi,199,29.54
dharavi,200,29.49
dharavi,201,29.45
dharavi,202,29.4
dharavi,203,29.35
dharavi,204,29.3
dharavi,205,29.25
dharavi,206,29.21
dharavi,207,29.18
dharavi,208,29.15
dharavi,209,29.13
dharavi,210,29.09
dharavi,211,29.07
dharavi,212,29.04
dharavi,213,29.02
dharavi,214,29.01
dharavi,215,29.0
dharavi,216,29.0
dharavi,217,29.01
dharavi,218,29.01
dharavi,219,29.0
dharavi,220,29.0
dharavi,221,29.01
dharavi,222,29.03
dharavi,223,29.02
dharavi,224,29.04
dharavi,225,29.05
dharavi,226,29.06
dharavi,227,29.07
dharavi,228,29.09
dharavi,229,29.12
dharavi,230,29.13
dharavi,231,29.15
dharavi,232,29.18
dharavi,233,29.21
dharavi,234,29.25
dharavi,235,29.29
dharavi,236,29.32
dharavi,237,29.36
dharavi,238,29.41
dharavi,239,29.46
dharavi,240,29.51
dharavi,241,29.56
dharavi,242,29.61
dharavi,243,29.66
dharavi,244,29.71
dharavi,245,29.75
dharavi,246,29.79
dharavi,247,29.82
dharavi,248,29.84
dharavi,249,29.87
dharavi,250,29.92
dharavi,251,29.96
dharavi,252,30.0
dharavi,253,30.03
dharavi,254,30.08
dharavi,255,30.13
dharavi,256,30.2
dharavi,257,30.28
dharavi,258,30.37
dharavi,259,30.46
dharavi,260,30.55
dharavi,261,30.64
dharavi,262,30.73
dharavi,263,30.81
dharavi,264,30.89
dharavi,265,30.97
dharavi,266,31.07
dharavi,267,31.16
dharavi,268,31.26
dharavi,269,31.36
dharavi,270,31.44
dharavi,271,31.53
dharavi,272,31.62
dharavi,273,31.72
dharavi,274,31.81
dharavi,275,31.9
dharavi,276,31.99
dharavi,277,32.09
dharavi,278,32.19
dharavi,279,32.29
dharavi,280,32.38
dharavi,281,32.48
dharavi,282,32.56
dharavi,283,32.65
dharavi,284,32.72
dharavi,285,32.8
dharavi,286,32.87
dharavi,287,32.94
dharavi,288,33.01
dharavi,289,33.07
dharavi,290,33.11
dharavi,291,33.15
dharavi,292,33.19
dharavi,293,33.23
dharavi,294,33.28
dharavi,295,33.32
dharavi,296,33.35
dharavi,297,33.38
dharavi,298,33.39
dharavi,299,33.4
dharavi,300,33.4
dharavi,301,33.4
dharavi,302,33.39
dharavi,303,33.38
dharavi,304,33.35
dharavi,305,33.32
dharavi,306,33.29
dharavi,307,33.26
dharavi,308,33.22
dharavi,309,33.19
dharavi,310,33.16
dharavi,311,33.14
dharavi,312,33.11
dharavi,313,33.07
dharavi,314,33.04
dharavi,315,33.02
dharavi,316,32.99
dharavi,317,32.95
dharavi,318,32.9
dharavi,319,32.85
dharavi,320,32.8
dharavi,321,32.74
dharavi,322,32.69
dharavi,323,32.64
dharavi,324,32.6
dharavi,325,32.55
dharavi,326,32.49
dharavi,327,32.44
dharavi,328,32.38
dharavi,329,32.33
dharavi,330,32.28
dharavi,331,32.21
dharavi,332,32.15
dharavi,333,32.09
dharavi,334,32.03
dharavi,335,31.99
dharavi,336,31.94
dharavi,337,31.91
dharavi,338,31.87
dharavi,339,31.83
dharavi,340,31.79
dharavi,341,31.74
dharavi,342,31.69
dharavi,343,31.63
dharavi,344,31.58
dharavi,345,31.53
dharavi,346,31.46
dharavi,347,31.4
dharavi,348,31.34
dharavi,349,31.29
dharavi,350,31.23
dharavi,351,31.17
dharavi,352,31.09
dharavi,353,31.03
dharavi,354,30.94
dharavi,355,30.87
dharavi,356,30.81
dharavi,357,30.75
dharavi,358,30.69
dharavi,359,30.63
dharavi,360,30.58
dharavi,361,30.53
dharavi,362,30.49
dharavi,363,30.46
dharavi,364,30.43
dharavi,365,30.4
dharavi,366,30.37
kurla,1,30.34
kurla,2,30.29
kurla,3,30.24
kurla,4,30.2
kurla,5,30.17
kurla,6,30.14
kurla,7,30.12
kurla,8,30.09
kurla,9,30.06
kurla,10,30.04
kurla,11,30.04
kurla,12,30.04
kurla,13,30.04
kurla,14,30.04
kurla,15,30.05
kurla,16,30.07
kurla,17,30.12
kurla,18,30.14
kurla,19,30.18
kurla,20,30.22
kurla,21,30.25
kurla,22,30.27
kurla,23,30.29
kurla,24,30.31
kurla,25,30.33
kurla,26,30.36
kurla,27,30.41
kurla,28,30.46
kurla,29,30.51
kurla,30,30.57
kurla,31,30.62
kurla,32,30.67
kurla,33,30.72
kurla,34,30.79
kurla,35,30.86
kurla,36,30.92
kurla,37,30.99
kurla,38,31.07
kurla,39,31.16
kurla,40,31.26
kurla,41,31.35
kurla,42,31.42
kurla,43,31.51
kurla,44,31.6
kurla,45,31.69
kurla,46,31.77
kurla,47,31.85
kurla,48,31.94
kurla,49,32.03
kurla,50,32.12
kurla,51,32.2
kurla,52,32.27
kurla,53,32.36
kurla,54,32.45
kurla,55,32.55
kurla,56,32.64
kurla,57,32.73
kurla,58,32.81
kurla,59,32.9
kurla,60,32.99
kurla,61,33.08
kurla,62,33.17
kurla,63,33.28
kurla,64,33.38
kurla,65,33.49
kurla,66,33.58
kurla,67,33.66
kurla,68,33.74
kurla,69,33.82
kurla,70,33.91
kurla,71,33.99
kurla,72,34.07
kurla,73,34.16
kurla,74,34.25
kurla,75,34.33
kurla,76,34.41
kurla,77,34.48
kurla,78,34.55
kurla,79,34.61
kurla,80,34.67
kurla,81,34.75
kurla,82,34.83
kurla,83,34.91
kurla,84,34.98
kurla,85,35.06
kurla,86,35.13
kurla,87,35.2
kurla,88,35.27
kurla,89,35.33
kurla,90,35.4
kurla,91,35.44
kurla,92,35.47
kurla,93,35.51
kurla,94,35.54
kurla,95,35.57
kurla,96,35.59
kurla,97,35.63
kurla,98,35.68
kurla,99,35.72
kurla,100,35.76
kurla,101,35.79
kurla,102,35.82
kurla,103,35.85
kurla,104,35.88
kurla,105,35.9
kurla,106,35.93
kurla,107,35.96
kurla,108,36.0
kurla,109,36.04
kurla,110,36.08
kurla,111,36.11
kurla,112,36.12
kurla,113,36.14
kurla,114,36.17
kurla,115,36.18
kurla,116,36.2
kurla,117,36.21
kurla,118,36.22
kurla,119,36.23
kurla,120,36.24
kurla,121,36.24
kurla,122,36.24
kurla,123,36.27
kurla,124,36.28
kurla,125,36.28
kurla,126,36.29
kurla,127,36.29
kurla,128,36.28
kurla,129,36.28
kurla,130,36.28
kurla,131,36.26
kurla,132,36.25
kurla,133,36.24
kurla,134,36.22
kurla,135,36.19
kurla,136,36.16
kurla,137,36.15
kurla,138,36.13
kurla,139,36.08
kurla,140,36.03
kurla,141,35.98
kurla,142,35.92
kurla,143,35.87
kurla,144,35.81
kurla,145,35.74
kurla,146,35.67
kurla,147,35.58
kurla,148,35.5
kurla,149,35.41
kurla,150,35.31
kurla,151,35.2
kurla,152,35.09
kurla,153,34.97
kurla,154,34.83
kurla,155,34.7
kurla,156,34.56
kurla,157,34.42
kurla,158,34.28
kurla,159,34.14
kurla,160,33.99
kurla,161,33.82
kurla,162,33.66
kurla,163,33.5
kurla,164,33.35
kurla,165,33.19
kurla,166,33.02
kurla,167,32.86
kurla,168,32.68
kurla,169,32.51
kurla,170,32.34
kurla,171,32.2
kurla,172,32.04
kurla,173,31.89
kurla,174,31.75
kurla,175,31.6
kurla,176,31.45
kurla,177,31.31
kurla,178,31.18
kurla,179,31.05
kurla,180,30.93
kurla,181,30.83
kurla,182,30.74
kurla,183,30.63
kurla,184,30.54
kurla,185,30.45
kurla,186,30.37
kurla,187,30.3
kurla,188,30.24
kurla,189,30.17
kurla,190,30.1
kurla,191,30.04
kurla,192,30.0
kurla,193,29.94
kurla,194,29.87
kurla,195,29.79
kurla,196,29.72
kurla,197,29.65
kurla,198,29.59
kurla,199,29.54
kurla,200,29.49
kurla,201,29.45
kurla,202,29.4
kurla,203,29.35
kurla,204,29.3
kurla,205,29.25
kurla,206,29.21
kurla,207,29.18
kurla,208,29.15
kurla,209,29.13
kurla,210,29.09
kurla,211,29.07
kurla,212,29.04
kurla,213,29.02
kurla,214,29.01
kurla,215,29.0
kurla,216,29.0
kurla,217,29.01
kurla,218,29.01
kurla,219,29.0
kurla,220,29.0
kurla,221,29.01
kurla,222,29.03
kurla,223,29.02
kurla,224,29.04
kurla,225,29.05
kurla,226,29.06
kurla,227,29.07
kurla,228,29.09
kurla,229,29.12
kurla,230,29.13
kurla,231,29.15
kurla,232,29.18
kurla,233,29.21
kurla,234,29.25
kurla,235,29.29
kurla,236,29.32
kurla,237,29.36
kurla,238,29.41
kurla,239,29.46
kurla,240,29.51
kurla,241,29.56
kurla,242,29.61
kurla,243,29.66
kurla,244,29.71
kurla,245,29.75
kurla,246,29.79
kurla,247,29.82
kurla,248,29.84
kurla,249,29.87
kurla,250,29.92
kurla,251,29.96
kurla,252,30.0
kurla,253,30.03
kurla,254,30.08
kurla,255,30.13
kurla,256,30.2
kurla,257,30.28
kurla,258,30.37
kurla,259,30.46
kurla,260,30.55
kurla,261,30.64
kurla,262,30.73
kurla,263,30.81
kurla,264,30.89
kurla,265,30.97
kurla,266,31.07
kurla,267,31.16
kurla,268,31.26
kurla,269,31.36
kurla,270,31.44
kurla,271,31.53
kurla,272,31.62
kurla,273,31.72
kurla,274,31.81
kurla,275,31.9
kurla,276,31.99
kurla,277,32.09
kurla,278,32.19
kurla,279,32.29
kurla,280,32.38
kurla,281,32.48
kurla,282,32.56
kurla,283,32.65
kurla,284,32.72
kurla,285,32.8
kurla,286,32.87
kurla,287,32.94
kurla,288,33.01
kurla,289,33.07
kurla,290,33.11
kurla,291,33.15
kurla,292,33.19
kurla,293,33.23
kurla,294,33.28
kurla,295,33.32
kurla,296,33.35
kurla,297,33.38
kurla,298,33.39
kurla,299,33.4
kurla,300,33.4
kurla,301,33.4
kurla,302,33.39
kurla,303,33.38
kurla,304,33.35
kurla,305,33.32
kurla,306,33.29
kurla,307,33.26
kurla,308,33.22
kurla,309,33.19
kurla,310,33.16
kurla,311,33.14
kurla,312,33.11
kurla,313,33.07
kurla,314,33.04
kurla,315,33.02
kurla,316,32.99
kurla,317,32.95
kurla,318,32.9
kurla,319,32.85
kurla,320,32.8
kurla,321,32.74
kurla,322,32.69
kurla,323,32.64
kurla,324,32.6
kurla,325,32.55
kurla,326,32.49
kurla,327,32.44
kurla,328,32.38
kurla,329,32.33
kurla,330,32.28
kurla,331,32.21
kurla,332,32.15
kurla,333,32.09
kurla,334,32.03
kurla,335,31.99
kurla,336,31.94
kurla,337,31.91
kurla,338,31.87
kurla,339,31.83
kurla,340,31.79
kurla,341,31.74
kurla,342,31.69
kurla,343,31.63
kurla,344,31.58
kurla,345,31.53
kurla,346,31.46
kurla,347,31.4
kurla,348,31.34
kurla,349,31.29
kurla,350,31.23
kurla,351,31.17
kurla,352,31.09
kurla,353,31.03
kurla,354,30.94
kurla,355,30.87
kurla,356,30.81
kurla,357,30.75
kurla,358,30.69
kurla,359,30.63
kurla,360,30.58
kurla,361,30.53
kurla,362,30.49
kurla,363,30.46
kurla,364,30.43
kurla,365,30.4
kurla,366,30.37
mumbai,1,30.1
mumbai,2,30.06
mumbai,3,30.02
mumbai,4,29.99
mumbai,5,29.96
mumbai,6,29.93
mumbai,7,29.9
mumbai,8,29.87
mumbai,9,29.85
mumbai,10,29.83
mumbai,11,29.84
mumbai,12,29.84
mumbai,13,29.85
mumbai,14,29.85
mumbai,15,29.86
mumbai,16,29.88
mumbai,17,29.92
mumbai,18,29.95
mumbai,19,29.99
mumbai,20,30.02
mumbai,21,30.05
mumbai,22,30.07
mumbai,23,30.08
mumbai,24,30.09
mumbai,25,30.1
mumbai,26,30.12
mumbai,27,30.14
mumbai,28,30.17
mumbai,29,30.2
mumbai,30,30.25
mumbai,31,30.28
mumbai,32,30.31
mumbai,33,30.35
mumbai,34,30.39
mumbai,35,30.44
mumbai,36,30.48
mumbai,37,30.53
mumbai,38,30.58
mumbai,39,30.65
mumbai,40,30.73
mumbai,41,30.8
mumbai,42,30.86
mumbai,43,30.92
mumbai,44,30.98
mumbai,45,31.04
mumbai,46,31.08
mumbai,47,31.14
mumbai,48,31.21
mumbai,49,31.28
mumbai,50,31.34
mumbai,51,31.39
mumbai,52,31.44
mumbai,53,31.5
mumbai,54,31.57
mumbai,55,31.64
mumbai,56,31.72
mumbai,57,31.79
mumbai,58,31.86
mumbai,59,31.93
mumbai,60,32.0
mumbai,61,32.06
mumbai,62,32.13
mumbai,63,32.22
mumbai,64,32.31
mumbai,65,32.4
mumbai,66,32.48
mumbai,67,32.55
mumbai,68,32.62
mumbai,69,32.69
mumbai,70,32.76
mumbai,71,32.82
mumbai,72,32.88
mumbai,73,32.95
mumbai,74,33.01
mumbai,75,33.08
mumbai,76,33.14
mumbai,77,33.21
mumbai,78,33.26
mumbai,79,33.3
mumbai,80,33.35
mumbai,81,33.41
mumbai,82,33.47
mumbai,83,33.54
mumbai,84,33.61
mumbai,85,33.66
mumbai,86,33.72
mumbai,87,33.78
mumbai,88,33.84
mumbai,89,33.89
mumbai,90,33.93
mumbai,91,33.98
mumbai,92,34.01
mumbai,93,34.04
mumbai,94,34.07
mumbai,95,34.11
mumbai,96,34.12
mumbai,97,34.15
mumbai,98,34.18
mumbai,99,34.22
mumbai,100,34.25
mumbai,101,34.28
mumbai,102,34.31
mumbai,103,34.35
mumbai,104,34.38
mumbai,105,34.41
mumbai,106,34.43
mumbai,107,34.45
mumbai,108,34.49
mumbai,109,34.52
mumbai,110,34.55
mumbai,111,34.58
mumbai,112,34.6
mumbai,113,34.62
mumbai,114,34.64
mumbai,115,34.66
mumbai,116,34.67
mumbai,117,34.68
mumbai,118,34.68
mumbai,119,34.69
mumbai,120,34.69
mumbai,121,34.7
mumbai,122,34.7
mumbai,123,34.72
mumbai,124,34.73
mumbai,125,34.72
mumbai,126,34.72
mumbai,127,34.73
mumbai,128,34.72
mumbai,129,34.72
mumbai,130,34.72
mumbai,131,34.7
mumbai,132,34.69
mumbai,133,34.67
mumbai,134,34.65
mumbai,135,34.61
mumbai,136,34.58
mumbai,137,34.56
mumbai,138,34.53
mumbai,139,34.48
mumbai,140,34.42
mumbai,141,34.37
mumbai,142,34.31
mumbai,143,34.25
mumbai,144,34.19
mumbai,145,34.12
mumbai,146,34.04
mumbai,147,33.95
mumbai,148,33.87
mumbai,149,33.77
mumbai,150,33.66
mumbai,151,33.55
mumbai,152,33.43
mumbai,153,33.31
mumbai,154,33.16
mumbai,155,33.02
mumbai,156,32.88
mumbai,157,32.74
mumbai,158,32.6
mumbai,159,32.46
mumbai,160,32.31
mumbai,161,32.14
mumbai,162,31.99
mumbai,163,31.83
mumbai,164,31.69
mumbai,165,31.53
mumbai,166,31.38
mumbai,167,31.23
mumbai,168,31.06
mumbai,169,30.91
mumbai,170,30.75
mumbai,171,30.62
mumbai,172,30.48
mumbai,173,30.34
mumbai,174,30.21
mumbai,175,30.08
mumbai,176,29.95
mumbai,177,29.82
mumbai,178,29.71
mumbai,179,29.61
mumbai,180,29.52
mumbai,181,29.43
mumbai,182,29.36
mumbai,183,29.28
mumbai,184,29.21
mumbai,185,29.15
mumbai,186,29.09
mumbai,187,29.04
mumbai,188,28.99
mumbai,189,28.94
mumbai,190,28.88
mumbai,191,28.83
mumbai,192,28.8
mumbai,193,28.76
mumbai,194,28.71
mumbai,195,28.64
mumbai,196,28.58
mumbai,197,28.53
mumbai,198,28.48
mumbai,199,28.44
mumbai,200,28.41
mumbai,201,28.38
mumbai,202,28.34
mumbai,203,28.31
mumbai,204,28.27
mumbai,205,28.23
mumbai,206,28.2
mumbai,207,28.17
mumbai,208,28.15
mumbai,209,28.14
mumbai,210,28.11
mumbai,211,28.09
mumbai,212,28.08
mumbai,213,28.06
mumbai,214,28.05
mumbai,215,28.04
mumbai,216,28.04
mumbai,217,28.05
mumbai,218,28.06
mumbai,219,28.05
mumbai,220,28.05
mumbai,221,28.06
mumbai,222,28.08
mumbai,223,28.08
mumbai,224,28.09
mumbai,225,28.1
mumbai,226,28.1
mumbai,227,28.11
mumbai,228,28.14
mumbai,229,28.16
mumbai,230,28.18
mumbai,231,28.19
mumbai,232,28.21
mumbai,233,28.24
mumbai,234,28.28
mumbai,235,28.32
mumbai,236,28.35
mumbai,237,28.38
mumbai,238,28.42
mumbai,239,28.46
mumbai,240,28.5
mumbai,241,28.54
mumbai,242,28.58
mumbai,243,28.62
mumbai,244,28.66
mumbai,245,28.7
mumbai,246,28.73
mumbai,247,28.74
mumbai,248,28.75
mumbai,249,28.78
mumbai,250,28.82
mumbai,251,28.85
mumbai,252,28.88
mumbai,253,28.92
mumbai,254,28.97
mumbai,255,29.02
mumbai,256,29.09
mumbai,257,29.16
mumbai,258,29.24
mumbai,259,29.33
mumbai,260,29.41
mumbai,261,29.49
mumbai,262,29.57
mumbai,263,29.64
mumbai,264,29.71
mumbai,265,29.79
mumbai,266,29.87
mumbai,267,29.96
mumbai,268,30.05
mumbai,269,30.14
mumbai,270,30.22
mumbai,271,30.3
mumbai,272,30.39
mumbai,273,30.48
mumbai,274,30.56
mumbai,275,30.66
mumbai,276,30.75
mumbai,277,30.85
mumbai,278,30.96
mumbai,279,31.06
mumbai,280,31.16
mumbai,281,31.26
mumbai,282,31.35
mumbai,283,31.45
mumbai,284,31.53
mumbai,285,31.6
mumbai,286,31.68
mumbai,287,31.76
mumbai,288,31.85
mumbai,289,31.91
mumbai,290,31.97
mumbai,291,32.02
mumbai,292,32.08
mumbai,293,32.15
mumbai,294,32.21
mumbai,295,32.27
mumbai,296,32.32
mumbai,297,32.37
mumbai,298,32.4
mumbai,299,32.43
mumbai,300,32.44
mumbai,301,32.47
mumbai,302,32.48
mumbai,303,32.49
mumbai,304,32.48
mumbai,305,32.49
mumbai,306,32.49
mumbai,307,32.49
mumbai,308,32.48
mumbai,309,32.47
mumbai,310,32.47
mumbai,311,32.47
mumbai,312,32.45
mumbai,313,32.44
mumbai,314,32.42
mumbai,315,32.41
mumbai,316,32.4
mumbai,317,32.38
mumbai,318,32.34
mumbai,319,32.3
mumbai,320,32.26
mumbai,321,32.22
mumbai,322,32.17
mumbai,323,32.14
mumbai,324,32.1
mumbai,325,32.06
mumbai,326,32.01
mumbai,327,31.97
mumbai,328,31.92
mumbai,329,31.88
mumbai,330,31.84
mumbai,331,31.79
mumbai,332,31.75
mumbai,333,31.7
mumbai,334,31.65
mumbai,335,31.61
mumbai,336,31.57
mumbai,337,31.54
mumbai,338,31.5
mumbai,339,31.45
mumbai,340,31.41
mumbai,341,31.37
mumbai,342,31.32
mumbai,343,31.27
mumbai,344,31.21
mumbai,345,31.17
mumbai,346,31.11
mumbai,347,31.05
mumbai,348,30.99
mumbai,349,30.94
mumbai,350,30.89
mumbai,351,30.84
mumbai,352,30.77
mumbai,353,30.71
mumbai,354,30.64
mumbai,355,30.57
mumbai,356,30.52
mumbai,357,30.47
mumbai,358,30.43
mumbai,359,30.37
mumbai,360,30.32
mumbai,361,30.28
mumbai,362,30.25
mumbai,363,30.22
mumbai,364,30.19
mumbai,365,30.16
mumbai,366,30.14
