region_id,date,lead_days,issued_at,month,tmax_c,normal_tmax_c,rh_pct,wind_ms,solar_mj_m2,precip_mm,temp_deviation_c
andheri,2026-09-28,0,2026-09-28T08:31:50.075278+00:00,9,32.1,31.62,75,1.0,20.56,1.9,0.48
andheri,2026-09-29,1,2026-09-28T08:31:50.075278+00:00,9,31.4,31.72,79,1.36,19.42,0.9,-0.32
andheri,2026-09-30,2,2026-09-28T08:31:50.075278+00:00,9,32.1,31.81,80,1.13,20.64,2.4,0.29
andheri,2026-10-01,3,2026-09-28T08:31:50.075278+00:00,10,32.4,31.9,78,1.09,20.47,0.6,0.5
colaba,2026-09-28,0,2026-09-28T08:31:50.577968+00:00,9,29.2,30.39,86,1.53,21.04,0.4,-1.19
colaba,2026-09-29,1,2026-09-28T08:31:50.577968+00:00,9,28.9,30.48,88,2.02,20.49,0.2,-1.58
colaba,2026-09-30,2,2026-09-28T08:31:50.577968+00:00,9,29.0,30.56,87,1.93,20.59,0.5,-1.56
colaba,2026-10-01,3,2026-09-28T08:31:50.577968+00:00,10,29.3,30.66,87,1.69,20.67,1.7,-1.36
dharavi,2026-09-28,0,2026-09-28T08:31:50.325698+00:00,9,31.0,31.62,79,1.13,20.48,2.7,-0.62
dharavi,2026-09-29,1,2026-09-28T08:31:50.325698+00:00,9,31.6,31.72,79,1.39,19.65,0.8,-0.12
dharavi,2026-09-30,2,2026-09-28T08:31:50.325698+00:00,9,32.0,31.81,81,1.25,20.7,4.5,0.19
dharavi,2026-10-01,3,2026-09-28T08:31:50.325698+00:00,10,32.0,31.9,78,1.13,20.6,0.5,0.1
kurla,2026-09-28,0,2026-09-28T08:31:49.743488+00:00,9,32.1,31.62,75,1.0,20.56,1.9,0.48
kurla,2026-09-29,1,2026-09-28T08:31:49.743488+00:00,9,31.4,31.72,79,1.36,19.42,0.9,-0.32
kurla,2026-09-30,2,2026-09-28T08:31:49.743488+00:00,9,32.1,31.81,80,1.13,20.64,2.4,0.29
kurla,2026-10-01,3,2026-09-28T08:31:49.743488+00:00,10,32.4,31.9,78,1.09,20.47,0.6,0.5
mumbai,2026-09-28,0,2026-09-28T08:31:48.434211+00:00,9,31.0,30.39,79,1.13,20.48,2.7,0.61
mumbai,2026-09-29,1,2026-09-28T08:31:48.434211+00:00,9,31.6,30.48,79,1.39,19.65,0.8,1.12
mumbai,2026-09-30,2,2026-09-28T08:31:48.434211+00:00,9,32.0,30.56,81,1.25,20.7,4.5,1.44
mumbai,2026-10-01,3,2026-09-28T08:31:48.434211+00:00,10,32.0,30.66,78,1.13,20.6,0.5,1.34
